"Thématiques","Critères","Accueil"
"1","1","c"
"1","2","c"
"1","3","c"
"1","4","c"
"1","5","c"
"1","6","c"
"1","7","c"
"1","8","c"
"1","9","c"
"2","1","c"
"2","2","c"
"3","1","c"
"3","2","c"
"3","3","c"
"4","1","c"
"4","2","c"
"4","3","c"
"4","4","c"
"4","5","c"
"4","6","c"
"4","7","c"
"4","8","c"
"4","9","c"
"4","10","c"
"4","11","c"
"4","12","c"
"4","13","c"
"5","1","c"
"5","2","c"
"5","3","c"
"5","4","c"
"5","5","c"
"5","6","c"
"5","7","c"
"5","8","c"
"6","1","c"
"6","2","c"
"7","1","c"
"7","2","c"
"7","3","c"
"7","4","c"
"7","5","c"
"8","1","c"
"8","2","c"
"8","3","c"
"8","4","c"
"8","5","c"
"8","6","c"
"8","7","c"
"8","8","c"
"8","9","c"
"8","10","c"
"9","1","c"
"9","2","c"
"9","3","c"
"9","4","c"
"10","1","c"
"10","2","c"
"10","3","c"
"10","4","c"
"10","5","c"
"10","6","c"
"10","7","c"
"10","8","c"
"10","9","c"
"10","10","c"
"10","11","c"
"10","12","c"
"10","13","c"
"10","14","c"
"11","1","c"
"11","2","c"
"11","3","c"
"11","4","c"
"11","5","c"
"11","6","c"
"11","7","c"
"11","8","c"
"11","9","c"
"11","10","c"
"11","11","c"
"11","12","c"
"11","13","c"
"12","1","c"
"12","2","c"
"12","3","c"
"12","4","c"
"12","5","c"
"12","6","c"
"12","7","c"
"12","8","c"
"12","9","c"
"12","10","c"
"12","11","c"
"13","1","c"
"13","2","c"
"13","3","c"
"13","4","c"
"13","5","c"
"13","6","c"
"13","7","c"
"13","8","c"
"13","9","c"
"13","10","c"
"13","11","c"
"13","12","c"
"14","1","c"
"14","2","c"
"14","3","c"
"15","1","c"
"15","2","c"
"15","3","c"
"15","4","c"
"15","5","c"
"15","6","c"
"16","1","c"
"16","2","c"
"16","3","c"
"17","1","c"
"17","2","c"
"17","3","c"
"17","4","c"
"17","5","c"
"17","6","c"
"17","7","c"
"17","8","c"
"17","9","c"
"17","10","c"
"17","11","c"

